{
  "inputNodes": 4,
  "hiddenLayers": 2,
  "hiddenNodes": 4,
  "outputNodes": 2,
  "weights": [
    {
      "mat": {
        "type": "org.ejml.data.DMatrixRMaj",
        "data": {
          "data": [
            -2.3615522143803984,
            0.9407342710071334,
            -0.24829638970558798,
            -0.5403689255950546,
            -0.6407332044436586,
            -0.6797808107258427,
            -2.0441496451598917,
            -1.65300145989295,
            -0.5676507441396011,
            0.5213929498169212,
            0.007323749814581948,
            -0.02264676757986703,
            1.4277703673404076,
            3.145997867471275,
            1.0902762335759884,
            1.020656040447295
          ],
          "numRows": 4,
          "numCols": 4
        }
      },
      "ops": {
        "type": "org.ejml.simple.ops.SimpleOperations_DDRM",
        "data": {}
      }
    },
    {
      "mat": {
        "type": "org.ejml.data.DMatrixRMaj",
        "data": {
          "data": [
            -0.575189186613982,
            1.3621004012757338,
            -2.9231825496040784,
            0.22334769544434893,
            0.5010154035405513,
            -3.128714318879478,
            -1.992350078037529,
            -2.6383275269033866,
            -1.276956366258366,
            -0.0021066437007593846,
            1.5688835389198752,
            -0.31276478835596605,
            -2.0076249507084736,
            2.1307203466770934,
            1.3992000024971545,
            -0.7599315954857807
          ],
          "numRows": 4,
          "numCols": 4
        }
      },
      "ops": {
        "type": "org.ejml.simple.ops.SimpleOperations_DDRM",
        "data": {}
      }
    },
    {
      "mat": {
        "type": "org.ejml.data.DMatrixRMaj",
        "data": {
          "data": [
            -2.470155821700631,
            -0.895039581232326,
            0.9948949318663496,
            2.623082587303863,
            2.795768156266174,
            -0.05115511256022101,
            1.1113127730050676,
            0.23222330929187152
          ],
          "numRows": 2,
          "numCols": 4
        }
      },
      "ops": {
        "type": "org.ejml.simple.ops.SimpleOperations_DDRM",
        "data": {}
      }
    }
  ],
  "biases": [
    {
      "mat": {
        "type": "org.ejml.data.DMatrixRMaj",
        "data": {
          "data": [
            -3.949651457261389,
            -0.4097197327121983,
            -0.08884141793844168,
            -4.343549190102525
          ],
          "numRows": 4,
          "numCols": 1
        }
      },
      "ops": {
        "type": "org.ejml.simple.ops.SimpleOperations_DDRM",
        "data": {}
      }
    },
    {
      "mat": {
        "type": "org.ejml.data.DMatrixRMaj",
        "data": {
          "data": [
            1.8190341790347446,
            -1.2538976042867835,
            -2.1652522396820415,
            -0.5035242643532587
          ],
          "numRows": 4,
          "numCols": 1
        }
      },
      "ops": {
        "type": "org.ejml.simple.ops.SimpleOperations_DDRM",
        "data": {}
      }
    },
    {
      "mat": {
        "type": "org.ejml.data.DMatrixRMaj",
        "data": {
          "data": [
            -0.3478313284092608,
            -1.414424220803844
          ],
          "numRows": 2,
          "numCols": 1
        }
      },
      "ops": {
        "type": "org.ejml.simple.ops.SimpleOperations_DDRM",
        "data": {}
      }
    }
  ],
  "learningRate": 0.1,
  "activationFunctionKey": "SIGMOID"
}