{
  "inputNodes": 2,
  "hiddenLayers": 2,
  "hiddenNodes": 4,
  "outputNodes": 2,
  "weights": [
    {
      "mat": {
        "type": "org.ejml.data.DMatrixRMaj",
        "data": {
          "data": [
            1.2221450631266022,
            -0.44853830413285656,
            0.6940470192654926,
            -0.8040714135184563,
            -0.2232178752648577,
            0.5760525409608017,
            -0.17353947709239548,
            -0.27861646655766203
          ],
          "numRows": 4,
          "numCols": 2
        }
      },
      "ops": {
        "type": "org.ejml.simple.ops.SimpleOperations_DDRM",
        "data": {}
      }
    },
    {
      "mat": {
        "type": "org.ejml.data.DMatrixRMaj",
        "data": {
          "data": [
            0.10150544282194685,
            0.5896603841759382,
            0.7667579706834047,
            0.3803689327230433,
            -0.2956199744014203,
            -0.976692764461768,
            0.991953293562454,
            -0.021663053390788334,
            -0.916867415294482,
            -1.230218002664081,
            0.5574641423737488,
            -0.0439012576571447,
            -0.16512492594645245,
            -0.39577590052075706,
            0.43389472049069133,
            0.30578896957650364
          ],
          "numRows": 4,
          "numCols": 4
        }
      },
      "ops": {
        "type": "org.ejml.simple.ops.SimpleOperations_DDRM",
        "data": {}
      }
    },
    {
      "mat": {
        "type": "org.ejml.data.DMatrixRMaj",
        "data": {
          "data": [
            -0.012054781092058375,
            -0.9787853520801877,
            0.9510260389307754,
            -0.07241920616558056,
            -0.7010979714892138,
            0.8895362712709933,
            0.8210843217955759,
            -0.23122938658599956
          ],
          "numRows": 2,
          "numCols": 4
        }
      },
      "ops": {
        "type": "org.ejml.simple.ops.SimpleOperations_DDRM",
        "data": {}
      }
    }
  ],
  "biases": [
    {
      "mat": {
        "type": "org.ejml.data.DMatrixRMaj",
        "data": {
          "data": [
            -0.7170954514808676,
            0.6088913877579263,
            -0.8780166174861705,
            0.3079207439528835
          ],
          "numRows": 4,
          "numCols": 1
        }
      },
      "ops": {
        "type": "org.ejml.simple.ops.SimpleOperations_DDRM",
        "data": {}
      }
    },
    {
      "mat": {
        "type": "org.ejml.data.DMatrixRMaj",
        "data": {
          "data": [
            -0.3890206365551194,
            0.07247946653709364,
            0.7320377084223704,
            0.7696597870153481
          ],
          "numRows": 4,
          "numCols": 1
        }
      },
      "ops": {
        "type": "org.ejml.simple.ops.SimpleOperations_DDRM",
        "data": {}
      }
    },
    {
      "mat": {
        "type": "org.ejml.data.DMatrixRMaj",
        "data": {
          "data": [
            -0.3107437896838263,
            -0.899168173179639
          ],
          "numRows": 2,
          "numCols": 1
        }
      },
      "ops": {
        "type": "org.ejml.simple.ops.SimpleOperations_DDRM",
        "data": {}
      }
    }
  ],
  "learningRate": 0.1,
  "activationFunctionKey": "SIGMOID"
}