{
  "inputNodes": 2,
  "hiddenLayers": 2,
  "hiddenNodes": 4,
  "outputNodes": 2,
  "weights": [
    {
      "mat": {
        "type": "org.ejml.data.DMatrixRMaj",
        "data": {
          "data": [
            -0.5635961986011895,
            -0.794242879731174,
            0.6768872254171261,
            -0.6287199153281184,
            0.8188082710242833,
            1.0222279021257827,
            -0.03124262705035652,
            0.7322322311566193
          ],
          "numRows": 4,
          "numCols": 2
        }
      },
      "ops": {
        "type": "org.ejml.simple.ops.SimpleOperations_DDRM",
        "data": {}
      }
    },
    {
      "mat": {
        "type": "org.ejml.data.DMatrixRMaj",
        "data": {
          "data": [
            0.5349850054535568,
            -0.49462569194222517,
            -2.4471768860080374,
            0.5749447435572879,
            0.40127331979089287,
            -0.015980375675746394,
            0.29392266629660213,
            -0.9117355261616324,
            -0.5310164886107814,
            0.007492085844888974,
            -0.06337689524736767,
            1.2000869612192104,
            0.16060539565176657,
            -0.393434299845437,
            1.2895071534712779,
            0.2867035720204346
          ],
          "numRows": 4,
          "numCols": 4
        }
      },
      "ops": {
        "type": "org.ejml.simple.ops.SimpleOperations_DDRM",
        "data": {}
      }
    },
    {
      "mat": {
        "type": "org.ejml.data.DMatrixRMaj",
        "data": {
          "data": [
            0.8189871690750306,
            -0.5289323405227224,
            -0.6604680186657499,
            -0.7629188626258088,
            1.6476200571957653,
            -1.1866407654807953,
            0.7968340033876922,
            0.7641757328572334
          ],
          "numRows": 2,
          "numCols": 4
        }
      },
      "ops": {
        "type": "org.ejml.simple.ops.SimpleOperations_DDRM",
        "data": {}
      }
    }
  ],
  "biases": [
    {
      "mat": {
        "type": "org.ejml.data.DMatrixRMaj",
        "data": {
          "data": [
            -0.17360012807005987,
            0.2229922824305346,
            -0.09209601365767117,
            -0.47799929644972583
          ],
          "numRows": 4,
          "numCols": 1
        }
      },
      "ops": {
        "type": "org.ejml.simple.ops.SimpleOperations_DDRM",
        "data": {}
      }
    },
    {
      "mat": {
        "type": "org.ejml.data.DMatrixRMaj",
        "data": {
          "data": [
            0.8243699125720736,
            -0.4723437550226283,
            0.3474676470282836,
            0.6207323605530621
          ],
          "numRows": 4,
          "numCols": 1
        }
      },
      "ops": {
        "type": "org.ejml.simple.ops.SimpleOperations_DDRM",
        "data": {}
      }
    },
    {
      "mat": {
        "type": "org.ejml.data.DMatrixRMaj",
        "data": {
          "data": [
            0.8729341588349983,
            -0.8788483926950761
          ],
          "numRows": 2,
          "numCols": 1
        }
      },
      "ops": {
        "type": "org.ejml.simple.ops.SimpleOperations_DDRM",
        "data": {}
      }
    }
  ],
  "learningRate": 0.1,
  "activationFunctionKey": "SIGMOID"
}