{
  "inputNodes": 4,
  "hiddenLayers": 2,
  "hiddenNodes": 4,
  "outputNodes": 2,
  "weights": [
    {
      "mat": {
        "type": "org.ejml.data.DMatrixRMaj",
        "data": {
          "data": [
            6.290093701330813,
            0.1551872310774256,
            1.4800515315597154,
            0.6480301303079417,
            -3.1516712356364294,
            -1.1469991094699075,
            0.4303913103150617,
            2.807066589563848,
            -0.010501918441892577,
            -1.466554446244764,
            -0.8014940073802396,
            2.054711837919733,
            1.0497062195825546,
            -1.2437384998584347,
            0.10490131723111798,
            -0.09481321250590197
          ],
          "numRows": 4,
          "numCols": 4
        }
      },
      "ops": {
        "type": "org.ejml.simple.ops.SimpleOperations_DDRM",
        "data": {}
      }
    },
    {
      "mat": {
        "type": "org.ejml.data.DMatrixRMaj",
        "data": {
          "data": [
            1.544773446521687,
            -0.7613823033402829,
            -0.9563941385528462,
            3.676280572450834,
            -2.074839654100871,
            -0.19315867048312013,
            -2.8012991520041517,
            1.086061835194753,
            -0.46503737408926393,
            -2.9981248624346977,
            0.6280754756114653,
            -0.24922290786871582,
            -4.832258492890234,
            0.05313458897587042,
            -0.5702005130753496,
            0.9553508764252618
          ],
          "numRows": 4,
          "numCols": 4
        }
      },
      "ops": {
        "type": "org.ejml.simple.ops.SimpleOperations_DDRM",
        "data": {}
      }
    },
    {
      "mat": {
        "type": "org.ejml.data.DMatrixRMaj",
        "data": {
          "data": [
            -2.6279467545609934,
            1.2874266847924636,
            0.5636610355995755,
            -0.5834865870036222,
            0.23983502420722497,
            0.6337552689035144,
            -0.5448020989551793,
            -0.6735243428118973
          ],
          "numRows": 2,
          "numCols": 4
        }
      },
      "ops": {
        "type": "org.ejml.simple.ops.SimpleOperations_DDRM",
        "data": {}
      }
    }
  ],
  "biases": [
    {
      "mat": {
        "type": "org.ejml.data.DMatrixRMaj",
        "data": {
          "data": [
            -0.018429478859543158,
            1.646100245641872,
            -0.7020202268760712,
            -0.8457573558821497
          ],
          "numRows": 4,
          "numCols": 1
        }
      },
      "ops": {
        "type": "org.ejml.simple.ops.SimpleOperations_DDRM",
        "data": {}
      }
    },
    {
      "mat": {
        "type": "org.ejml.data.DMatrixRMaj",
        "data": {
          "data": [
            -1.813788373236778,
            -0.41740059653885525,
            -1.1893890946642984,
            -1.4795395284662058
          ],
          "numRows": 4,
          "numCols": 1
        }
      },
      "ops": {
        "type": "org.ejml.simple.ops.SimpleOperations_DDRM",
        "data": {}
      }
    },
    {
      "mat": {
        "type": "org.ejml.data.DMatrixRMaj",
        "data": {
          "data": [
            1.15361866316997,
            -0.3822283340180356
          ],
          "numRows": 2,
          "numCols": 1
        }
      },
      "ops": {
        "type": "org.ejml.simple.ops.SimpleOperations_DDRM",
        "data": {}
      }
    }
  ],
  "learningRate": 0.1,
  "activationFunctionKey": "SIGMOID"
}