{
  "inputNodes": 2,
  "hiddenLayers": 2,
  "hiddenNodes": 4,
  "outputNodes": 2,
  "weights": [
    {
      "mat": {
        "type": "org.ejml.data.DMatrixRMaj",
        "data": {
          "data": [
            -0.7014310201561127,
            -0.37284836549567824,
            -0.11545700346056997,
            1.1161242576502945,
            -0.9974686405712685,
            0.6152068062772886,
            0.0921539274816272,
            -0.4074963420016812
          ],
          "numRows": 4,
          "numCols": 2
        }
      },
      "ops": {
        "type": "org.ejml.simple.ops.SimpleOperations_DDRM",
        "data": {}
      }
    },
    {
      "mat": {
        "type": "org.ejml.data.DMatrixRMaj",
        "data": {
          "data": [
            -1.0307644019422622,
            -0.047492905705066146,
            -0.08395867225004278,
            -0.3592762886256468,
            0.6029120860952868,
            -0.9613825896636061,
            -1.3327282170817885,
            -0.5455950378092005,
            0.41891342292192735,
            -0.9579046776285098,
            0.13695333120813546,
            -0.5550234091221746,
            0.8876817310896534,
            -0.3678404311391077,
            -0.5907642904509007,
            0.7037478403529643
          ],
          "numRows": 4,
          "numCols": 4
        }
      },
      "ops": {
        "type": "org.ejml.simple.ops.SimpleOperations_DDRM",
        "data": {}
      }
    },
    {
      "mat": {
        "type": "org.ejml.data.DMatrixRMaj",
        "data": {
          "data": [
            -0.8406459653647074,
            -0.02648974381947157,
            0.31170427048425164,
            0.5825115834561809,
            -0.820077206578933,
            0.1287791522356685,
            -0.9511086001065805,
            0.7676534694346004
          ],
          "numRows": 2,
          "numCols": 4
        }
      },
      "ops": {
        "type": "org.ejml.simple.ops.SimpleOperations_DDRM",
        "data": {}
      }
    }
  ],
  "biases": [
    {
      "mat": {
        "type": "org.ejml.data.DMatrixRMaj",
        "data": {
          "data": [
            0.7858892065916709,
            0.9245908458259005,
            0.3866982227426381,
            -0.016655865400855285
          ],
          "numRows": 4,
          "numCols": 1
        }
      },
      "ops": {
        "type": "org.ejml.simple.ops.SimpleOperations_DDRM",
        "data": {}
      }
    },
    {
      "mat": {
        "type": "org.ejml.data.DMatrixRMaj",
        "data": {
          "data": [
            -0.32673799835318973,
            0.30824214883729906,
            -0.07051498533993095,
            -0.6724462427108023
          ],
          "numRows": 4,
          "numCols": 1
        }
      },
      "ops": {
        "type": "org.ejml.simple.ops.SimpleOperations_DDRM",
        "data": {}
      }
    },
    {
      "mat": {
        "type": "org.ejml.data.DMatrixRMaj",
        "data": {
          "data": [
            -0.7844270040371375,
            0.43338484568200997
          ],
          "numRows": 2,
          "numCols": 1
        }
      },
      "ops": {
        "type": "org.ejml.simple.ops.SimpleOperations_DDRM",
        "data": {}
      }
    }
  ],
  "learningRate": 0.1,
  "activationFunctionKey": "SIGMOID"
}