{
  "inputNodes": 2,
  "hiddenLayers": 2,
  "hiddenNodes": 4,
  "outputNodes": 2,
  "weights": [
    {
      "mat": {
        "type": "org.ejml.data.DMatrixRMaj",
        "data": {
          "data": [
            0.8709649466681706,
            0.2666072471473304,
            -0.7438454415490618,
            -0.9743587496683737,
            0.45280165347201784,
            0.7270696923564071,
            0.45149990217752856,
            -0.4768310894922534
          ],
          "numRows": 4,
          "numCols": 2
        }
      },
      "ops": {
        "type": "org.ejml.simple.ops.SimpleOperations_DDRM",
        "data": {}
      }
    },
    {
      "mat": {
        "type": "org.ejml.data.DMatrixRMaj",
        "data": {
          "data": [
            0.4146442904197115,
            0.6651282494933486,
            -0.45274033215621334,
            -0.9690199927711021,
            -0.454121025958877,
            0.7480860383679362,
            0.22401506796531323,
            -0.37656896414390983,
            -0.7469219773697344,
            -0.9580785404063253,
            0.05199801851250685,
            -0.6316962126971131,
            0.71359664002884,
            -0.5135389788258713,
            -0.6588832450443585,
            -0.9796684644789246
          ],
          "numRows": 4,
          "numCols": 4
        }
      },
      "ops": {
        "type": "org.ejml.simple.ops.SimpleOperations_DDRM",
        "data": {}
      }
    },
    {
      "mat": {
        "type": "org.ejml.data.DMatrixRMaj",
        "data": {
          "data": [
            0.8034605124764074,
            -0.08215787109465489,
            0.23771466014873877,
            0.4451976901364505,
            -0.9050665498150954,
            -0.22776781533843216,
            -0.974911880402408,
            -0.062445367565079346
          ],
          "numRows": 2,
          "numCols": 4
        }
      },
      "ops": {
        "type": "org.ejml.simple.ops.SimpleOperations_DDRM",
        "data": {}
      }
    }
  ],
  "biases": [
    {
      "mat": {
        "type": "org.ejml.data.DMatrixRMaj",
        "data": {
          "data": [
            0.5367605768517043,
            -0.5443398202588328,
            0.03817807240514748,
            0.12430327582647593
          ],
          "numRows": 4,
          "numCols": 1
        }
      },
      "ops": {
        "type": "org.ejml.simple.ops.SimpleOperations_DDRM",
        "data": {}
      }
    },
    {
      "mat": {
        "type": "org.ejml.data.DMatrixRMaj",
        "data": {
          "data": [
            -0.5630381796697168,
            -0.9848820832085933,
            -1.5696640190550768,
            -0.702026398752188
          ],
          "numRows": 4,
          "numCols": 1
        }
      },
      "ops": {
        "type": "org.ejml.simple.ops.SimpleOperations_DDRM",
        "data": {}
      }
    },
    {
      "mat": {
        "type": "org.ejml.data.DMatrixRMaj",
        "data": {
          "data": [
            -1.1699128964841716,
            -0.35903845961653724
          ],
          "numRows": 2,
          "numCols": 1
        }
      },
      "ops": {
        "type": "org.ejml.simple.ops.SimpleOperations_DDRM",
        "data": {}
      }
    }
  ],
  "learningRate": 0.1,
  "activationFunctionKey": "SIGMOID"
}