{
  "inputNodes": 2,
  "hiddenLayers": 2,
  "hiddenNodes": 4,
  "outputNodes": 2,
  "weights": [
    {
      "mat": {
        "type": "org.ejml.data.DMatrixRMaj",
        "data": {
          "data": [
            -0.3218290015431311,
            0.04972709490700722,
            -0.7410301542448505,
            0.7560183871884627,
            -0.23479401957821966,
            -1.5112103576370834,
            0.2237548793081967,
            -0.5877458408550742
          ],
          "numRows": 4,
          "numCols": 2
        }
      },
      "ops": {
        "type": "org.ejml.simple.ops.SimpleOperations_DDRM",
        "data": {}
      }
    },
    {
      "mat": {
        "type": "org.ejml.data.DMatrixRMaj",
        "data": {
          "data": [
            -0.45558817858233946,
            0.7865205867956817,
            1.0065161044069686,
            0.6154382769273798,
            0.6485615801637512,
            -0.7516982484064255,
            -0.2635975014289438,
            -0.837736349317912,
            0.16707095496049684,
            -0.19514794688950854,
            1.0349986023478737,
            0.46419136503168046,
            -0.15778493947283656,
            -0.2564668581794896,
            0.02027999255478785,
            -0.4471694948388787
          ],
          "numRows": 4,
          "numCols": 4
        }
      },
      "ops": {
        "type": "org.ejml.simple.ops.SimpleOperations_DDRM",
        "data": {}
      }
    },
    {
      "mat": {
        "type": "org.ejml.data.DMatrixRMaj",
        "data": {
          "data": [
            0.22788198307559848,
            -0.009924277950432048,
            -0.21770231277891927,
            -0.8087080907319939,
            -0.6557294134667431,
            0.9251150142232534,
            0.8572971673120791,
            0.010975149573276277
          ],
          "numRows": 2,
          "numCols": 4
        }
      },
      "ops": {
        "type": "org.ejml.simple.ops.SimpleOperations_DDRM",
        "data": {}
      }
    }
  ],
  "biases": [
    {
      "mat": {
        "type": "org.ejml.data.DMatrixRMaj",
        "data": {
          "data": [
            -0.400339737125434,
            -0.8986671180883241,
            -0.8705837192593331,
            -0.6818560104990501
          ],
          "numRows": 4,
          "numCols": 1
        }
      },
      "ops": {
        "type": "org.ejml.simple.ops.SimpleOperations_DDRM",
        "data": {}
      }
    },
    {
      "mat": {
        "type": "org.ejml.data.DMatrixRMaj",
        "data": {
          "data": [
            -0.5033741682632253,
            -0.22165945801392506,
            -0.2618056128699173,
            -0.1340175182024752
          ],
          "numRows": 4,
          "numCols": 1
        }
      },
      "ops": {
        "type": "org.ejml.simple.ops.SimpleOperations_DDRM",
        "data": {}
      }
    },
    {
      "mat": {
        "type": "org.ejml.data.DMatrixRMaj",
        "data": {
          "data": [
            -0.34471783408662415,
            -0.8879613024422355
          ],
          "numRows": 2,
          "numCols": 1
        }
      },
      "ops": {
        "type": "org.ejml.simple.ops.SimpleOperations_DDRM",
        "data": {}
      }
    }
  ],
  "learningRate": 0.1,
  "activationFunctionKey": "SIGMOID"
}