{
  "inputNodes": 4,
  "hiddenLayers": 2,
  "hiddenNodes": 4,
  "outputNodes": 2,
  "weights": [
    {
      "mat": {
        "type": "org.ejml.data.DMatrixRMaj",
        "data": {
          "data": [
            0.056184314963223736,
            1.2784203347532892,
            -0.8004830889499219,
            0.08438582993647314,
            -0.33667854238114425,
            2.370279635578878,
            1.980710594473634,
            -1.8543884079209971,
            -0.49159554287094104,
            0.4665458108366414,
            -0.007264756517465665,
            -0.1216276576617405,
            0.5739485478932264,
            -2.716555424616992,
            1.577104826348707,
            -0.8043732055657218
          ],
          "numRows": 4,
          "numCols": 4
        }
      },
      "ops": {
        "type": "org.ejml.simple.ops.SimpleOperations_DDRM",
        "data": {}
      }
    },
    {
      "mat": {
        "type": "org.ejml.data.DMatrixRMaj",
        "data": {
          "data": [
            -1.0211165010161791,
            2.188221650816451,
            -1.0952407867982479,
            -1.0252670738401908,
            0.4229620731758803,
            0.3947367106112361,
            3.0729056001443897,
            -3.4887470483463447,
            2.5194244803698433,
            -0.4965049490107455,
            -2.9996785703482622,
            4.332054914749541,
            1.5928120960900913,
            2.4393133359510863,
            0.36823046432680573,
            -1.782445495194838
          ],
          "numRows": 4,
          "numCols": 4
        }
      },
      "ops": {
        "type": "org.ejml.simple.ops.SimpleOperations_DDRM",
        "data": {}
      }
    },
    {
      "mat": {
        "type": "org.ejml.data.DMatrixRMaj",
        "data": {
          "data": [
            -2.8299840475324998,
            4.7693219370363735,
            -3.173285180730999,
            1.588793342090907,
            0.2581321537884229,
            -1.9965541373508227,
            -1.5461469370349272,
            0.6613823128130678
          ],
          "numRows": 2,
          "numCols": 4
        }
      },
      "ops": {
        "type": "org.ejml.simple.ops.SimpleOperations_DDRM",
        "data": {}
      }
    }
  ],
  "biases": [
    {
      "mat": {
        "type": "org.ejml.data.DMatrixRMaj",
        "data": {
          "data": [
            -0.8842128971441285,
            -1.084266329267371,
            0.18845180051448218,
            -0.18806757902657673
          ],
          "numRows": 4,
          "numCols": 1
        }
      },
      "ops": {
        "type": "org.ejml.simple.ops.SimpleOperations_DDRM",
        "data": {}
      }
    },
    {
      "mat": {
        "type": "org.ejml.data.DMatrixRMaj",
        "data": {
          "data": [
            -0.4816117243298985,
            -2.4043190746736536,
            0.39982826036544944,
            -2.192105519167203
          ],
          "numRows": 4,
          "numCols": 1
        }
      },
      "ops": {
        "type": "org.ejml.simple.ops.SimpleOperations_DDRM",
        "data": {}
      }
    },
    {
      "mat": {
        "type": "org.ejml.data.DMatrixRMaj",
        "data": {
          "data": [
            1.5181758524538995,
            1.0205015490369262
          ],
          "numRows": 2,
          "numCols": 1
        }
      },
      "ops": {
        "type": "org.ejml.simple.ops.SimpleOperations_DDRM",
        "data": {}
      }
    }
  ],
  "learningRate": 0.1,
  "activationFunctionKey": "SIGMOID"
}