{
  "inputNodes": 4,
  "hiddenLayers": 2,
  "hiddenNodes": 4,
  "outputNodes": 2,
  "weights": [
    {
      "mat": {
        "type": "org.ejml.data.DMatrixRMaj",
        "data": {
          "data": [
            0.8290880170763724,
            -0.03667410942636898,
            1.277264715517875,
            0.630824891528481,
            0.5103905018744018,
            -0.17322716378446304,
            -2.1070950360585754,
            -2.6171608140366898,
            -0.9236768909068258,
            1.0049679012263084,
            -0.09855896187415572,
            0.052784985324671324,
            2.190567266290686,
            2.0507843933691037,
            1.8823074047342856,
            1.6868458936512825
          ],
          "numRows": 4,
          "numCols": 4
        }
      },
      "ops": {
        "type": "org.ejml.simple.ops.SimpleOperations_DDRM",
        "data": {}
      }
    },
    {
      "mat": {
        "type": "org.ejml.data.DMatrixRMaj",
        "data": {
          "data": [
            0.1877377904193127,
            -4.093646263225938,
            2.0462153753069345,
            0.48990404524840925,
            -0.46065692766110444,
            -0.5763294728948849,
            3.1103161512577855,
            -1.6709804726881319,
            0.5984663539627123,
            -1.410400230185369,
            0.2918602884329313,
            -0.2237764660224396,
            2.19149419253172,
            -1.6263981692552003,
            -1.3145905786009546,
            0.9469708878118943
          ],
          "numRows": 4,
          "numCols": 4
        }
      },
      "ops": {
        "type": "org.ejml.simple.ops.SimpleOperations_DDRM",
        "data": {}
      }
    },
    {
      "mat": {
        "type": "org.ejml.data.DMatrixRMaj",
        "data": {
          "data": [
            0.3223793338982327,
            1.5241319870039964,
            -0.1914693381584386,
            -0.7410513860271934,
            -0.7959348257911105,
            0.08950094332157052,
            -0.7877056227253396,
            3.211669899669262
          ],
          "numRows": 2,
          "numCols": 4
        }
      },
      "ops": {
        "type": "org.ejml.simple.ops.SimpleOperations_DDRM",
        "data": {}
      }
    }
  ],
  "biases": [
    {
      "mat": {
        "type": "org.ejml.data.DMatrixRMaj",
        "data": {
          "data": [
            3.7366603294135263,
            2.8459026992551846,
            0.5484780240071001,
            2.133365680720006
          ],
          "numRows": 4,
          "numCols": 1
        }
      },
      "ops": {
        "type": "org.ejml.simple.ops.SimpleOperations_DDRM",
        "data": {}
      }
    },
    {
      "mat": {
        "type": "org.ejml.data.DMatrixRMaj",
        "data": {
          "data": [
            -1.5732813859603156,
            -0.006403447443635024,
            1.2002540585524286,
            -0.3165282056438543
          ],
          "numRows": 4,
          "numCols": 1
        }
      },
      "ops": {
        "type": "org.ejml.simple.ops.SimpleOperations_DDRM",
        "data": {}
      }
    },
    {
      "mat": {
        "type": "org.ejml.data.DMatrixRMaj",
        "data": {
          "data": [
            2.1110035841162618,
            -0.2988037645676177
          ],
          "numRows": 2,
          "numCols": 1
        }
      },
      "ops": {
        "type": "org.ejml.simple.ops.SimpleOperations_DDRM",
        "data": {}
      }
    }
  ],
  "learningRate": 0.1,
  "activationFunctionKey": "SIGMOID"
}