{
  "inputNodes": 4,
  "hiddenLayers": 2,
  "hiddenNodes": 4,
  "outputNodes": 2,
  "weights": [
    {
      "mat": {
        "type": "org.ejml.data.DMatrixRMaj",
        "data": {
          "data": [
            -0.07062986069605287,
            -0.6039604271131689,
            -0.3259527241464972,
            -2.5314145951803178,
            0.18946730009053503,
            -0.27478968221817657,
            -0.5052943034055448,
            -2.1845046704544893,
            0.2538337696187498,
            1.2139137246858656,
            4.17251086030495,
            -0.8864108131451992,
            0.5356477680162177,
            -0.6160048361569701,
            0.08948254241111944,
            -0.031228967709463522
          ],
          "numRows": 4,
          "numCols": 4
        }
      },
      "ops": {
        "type": "org.ejml.simple.ops.SimpleOperations_DDRM",
        "data": {}
      }
    },
    {
      "mat": {
        "type": "org.ejml.data.DMatrixRMaj",
        "data": {
          "data": [
            -0.3867316401283193,
            -1.9345648786732244,
            1.8949566637964648,
            -5.4968844422065555,
            -1.3832208294499457,
            2.3491866866177955,
            0.2176045505829854,
            -5.259242064734924,
            -2.227885107451127,
            1.5622350828387734,
            -0.049605522811538225,
            -2.803475694891919,
            1.7511087115541775,
            -0.4041597810748802,
            0.7871062119262617,
            -0.5604062678663414
          ],
          "numRows": 4,
          "numCols": 4
        }
      },
      "ops": {
        "type": "org.ejml.simple.ops.SimpleOperations_DDRM",
        "data": {}
      }
    },
    {
      "mat": {
        "type": "org.ejml.data.DMatrixRMaj",
        "data": {
          "data": [
            3.157597435288274,
            1.7729366697320785,
            -1.9797896516013034,
            1.6978508705521067,
            1.4033457414027621,
            -2.7452745656334443,
            -3.2955603522974903,
            -1.5267181709356115
          ],
          "numRows": 2,
          "numCols": 4
        }
      },
      "ops": {
        "type": "org.ejml.simple.ops.SimpleOperations_DDRM",
        "data": {}
      }
    }
  ],
  "biases": [
    {
      "mat": {
        "type": "org.ejml.data.DMatrixRMaj",
        "data": {
          "data": [
            -0.17985956496396582,
            -0.9303883760451686,
            -2.5019364472092187,
            -1.0891875204105095
          ],
          "numRows": 4,
          "numCols": 1
        }
      },
      "ops": {
        "type": "org.ejml.simple.ops.SimpleOperations_DDRM",
        "data": {}
      }
    },
    {
      "mat": {
        "type": "org.ejml.data.DMatrixRMaj",
        "data": {
          "data": [
            1.0018436843905691,
            -1.655461809845562,
            -0.9306841880080144,
            -1.1144031140265305
          ],
          "numRows": 4,
          "numCols": 1
        }
      },
      "ops": {
        "type": "org.ejml.simple.ops.SimpleOperations_DDRM",
        "data": {}
      }
    },
    {
      "mat": {
        "type": "org.ejml.data.DMatrixRMaj",
        "data": {
          "data": [
            -1.5510371839025436,
            0.8208838547779732
          ],
          "numRows": 2,
          "numCols": 1
        }
      },
      "ops": {
        "type": "org.ejml.simple.ops.SimpleOperations_DDRM",
        "data": {}
      }
    }
  ],
  "learningRate": 0.1,
  "activationFunctionKey": "SIGMOID"
}