{
  "inputNodes": 4,
  "hiddenLayers": 2,
  "hiddenNodes": 4,
  "outputNodes": 2,
  "weights": [
    {
      "mat": {
        "type": "org.ejml.data.DMatrixRMaj",
        "data": {
          "data": [
            -1.7259168844898545,
            2.8914376792456773,
            -0.774610770299407,
            -1.969939440415902,
            0.21904700795181012,
            -0.8926046621149318,
            0.7343199439435762,
            2.166572307489569,
            0.34306751128303087,
            -1.7795181252409589,
            0.7817278649835904,
            1.3801640114861926,
            2.7508875356467724,
            -2.589494996682456,
            3.5627646033343403,
            -0.1864169954876077
          ],
          "numRows": 4,
          "numCols": 4
        }
      },
      "ops": {
        "type": "org.ejml.simple.ops.SimpleOperations_DDRM",
        "data": {}
      }
    },
    {
      "mat": {
        "type": "org.ejml.data.DMatrixRMaj",
        "data": {
          "data": [
            -1.928131880957609,
            -1.851157438548661,
            3.240723853068652,
            -0.634197329603005,
            2.2794381667654426,
            2.4127642274714436,
            -0.7374229076460321,
            -1.3089394632076754,
            -4.429112669059225,
            3.9529397952808045,
            -0.46268310998840145,
            -0.5501684658430217,
            2.197025606886317,
            0.0468711773716009,
            2.82557212396235,
            -0.4986266621736517
          ],
          "numRows": 4,
          "numCols": 4
        }
      },
      "ops": {
        "type": "org.ejml.simple.ops.SimpleOperations_DDRM",
        "data": {}
      }
    },
    {
      "mat": {
        "type": "org.ejml.data.DMatrixRMaj",
        "data": {
          "data": [
            -2.0541415960437788,
            2.12525114764232,
            -3.6014148707939233,
            1.2739701903132623,
            1.3840753528641718,
            -1.8048471876860468,
            1.7985552327233816,
            -1.4017993736395735
          ],
          "numRows": 2,
          "numCols": 4
        }
      },
      "ops": {
        "type": "org.ejml.simple.ops.SimpleOperations_DDRM",
        "data": {}
      }
    }
  ],
  "biases": [
    {
      "mat": {
        "type": "org.ejml.data.DMatrixRMaj",
        "data": {
          "data": [
            -0.6624004639132149,
            -1.9290972877286916,
            0.9126162526534679,
            -0.09014630466059204
          ],
          "numRows": 4,
          "numCols": 1
        }
      },
      "ops": {
        "type": "org.ejml.simple.ops.SimpleOperations_DDRM",
        "data": {}
      }
    },
    {
      "mat": {
        "type": "org.ejml.data.DMatrixRMaj",
        "data": {
          "data": [
            1.4772147345336848,
            2.556358278030515,
            -1.4655880762565772,
            -3.1541598975452643
          ],
          "numRows": 4,
          "numCols": 1
        }
      },
      "ops": {
        "type": "org.ejml.simple.ops.SimpleOperations_DDRM",
        "data": {}
      }
    },
    {
      "mat": {
        "type": "org.ejml.data.DMatrixRMaj",
        "data": {
          "data": [
            0.04278871642393478,
            1.4107299184180562
          ],
          "numRows": 2,
          "numCols": 1
        }
      },
      "ops": {
        "type": "org.ejml.simple.ops.SimpleOperations_DDRM",
        "data": {}
      }
    }
  ],
  "learningRate": 0.1,
  "activationFunctionKey": "SIGMOID"
}