{
  "inputNodes": 4,
  "hiddenLayers": 2,
  "hiddenNodes": 4,
  "outputNodes": 2,
  "weights": [
    {
      "mat": {
        "type": "org.ejml.data.DMatrixRMaj",
        "data": {
          "data": [
            0.7893807180307917,
            -1.0683745669877829,
            1.7287144555962426,
            -1.216506070563234,
            1.951736850049239,
            0.13431873503697572,
            2.2289272167167375,
            -1.5108651834937772,
            0.9288355385893987,
            -1.0826381864791597,
            0.06889798924632173,
            -0.08463028519645881,
            -2.649273030062546,
            -1.1576264204946725,
            0.4788884730641111,
            0.27477562662468086
          ],
          "numRows": 4,
          "numCols": 4
        }
      },
      "ops": {
        "type": "org.ejml.simple.ops.SimpleOperations_DDRM",
        "data": {}
      }
    },
    {
      "mat": {
        "type": "org.ejml.data.DMatrixRMaj",
        "data": {
          "data": [
            -0.1735026898630604,
            0.1264384110105663,
            3.7926086861322026,
            -2.2659630847935657,
            3.397288494560195,
            -1.8878836082529713,
            -0.24799306795814258,
            -0.8363579968982373,
            -1.019142390348562,
            -1.0141496998319899,
            -4.586853926281972,
            -3.370994788355163,
            0.12685595024035773,
            0.13531732032303212,
            -4.111096983194818,
            -1.0572162705009305
          ],
          "numRows": 4,
          "numCols": 4
        }
      },
      "ops": {
        "type": "org.ejml.simple.ops.SimpleOperations_DDRM",
        "data": {}
      }
    },
    {
      "mat": {
        "type": "org.ejml.data.DMatrixRMaj",
        "data": {
          "data": [
            -2.6845129638733605,
            1.6921827612005065,
            2.280612373554989,
            -0.08111452520310175,
            0.4695416507185073,
            0.8130327140536182,
            -0.3045117901001541,
            -0.5692380668709148
          ],
          "numRows": 2,
          "numCols": 4
        }
      },
      "ops": {
        "type": "org.ejml.simple.ops.SimpleOperations_DDRM",
        "data": {}
      }
    }
  ],
  "biases": [
    {
      "mat": {
        "type": "org.ejml.data.DMatrixRMaj",
        "data": {
          "data": [
            -0.810720920901086,
            1.1699946069849854,
            -0.9508840716423819,
            -1.340752573052392
          ],
          "numRows": 4,
          "numCols": 1
        }
      },
      "ops": {
        "type": "org.ejml.simple.ops.SimpleOperations_DDRM",
        "data": {}
      }
    },
    {
      "mat": {
        "type": "org.ejml.data.DMatrixRMaj",
        "data": {
          "data": [
            -1.7984433517085814,
            -2.0872586322055993,
            0.10391082798117013,
            0.3632059798993249
          ],
          "numRows": 4,
          "numCols": 1
        }
      },
      "ops": {
        "type": "org.ejml.simple.ops.SimpleOperations_DDRM",
        "data": {}
      }
    },
    {
      "mat": {
        "type": "org.ejml.data.DMatrixRMaj",
        "data": {
          "data": [
            0.5607821559790301,
            -1.3304752469792154
          ],
          "numRows": 2,
          "numCols": 1
        }
      },
      "ops": {
        "type": "org.ejml.simple.ops.SimpleOperations_DDRM",
        "data": {}
      }
    }
  ],
  "learningRate": 0.1,
  "activationFunctionKey": "SIGMOID"
}