{
  "inputNodes": 4,
  "hiddenLayers": 2,
  "hiddenNodes": 4,
  "outputNodes": 2,
  "weights": [
    {
      "mat": {
        "type": "org.ejml.data.DMatrixRMaj",
        "data": {
          "data": [
            0.7869920398288439,
            -0.17425860980865923,
            0.9467997490245985,
            -3.3749665174686694,
            -2.3917593406031408,
            0.4923090720755341,
            -0.28391453346523843,
            5.303110559315916,
            -1.9597468191009477,
            0.2943353445169281,
            0.04779790351050084,
            -0.22035774000098884,
            4.017521827088832,
            1.5735765406323645,
            -2.335676993054187,
            -2.882435185777436
          ],
          "numRows": 4,
          "numCols": 4
        }
      },
      "ops": {
        "type": "org.ejml.simple.ops.SimpleOperations_DDRM",
        "data": {}
      }
    },
    {
      "mat": {
        "type": "org.ejml.data.DMatrixRMaj",
        "data": {
          "data": [
            4.601837088137414,
            -0.1645675779451281,
            -0.685129259913314,
            -0.38749856735385735,
            1.2529670176655545,
            -0.19310543418210088,
            1.588880975415182,
            -0.6735781969281608,
            -0.1575843163386309,
            -2.2724574008471716,
            2.0482974774873757,
            -3.095499360594058,
            1.1253422064429563,
            -1.6994245691190362,
            -1.3676697062517387,
            -1.7674740788843486
          ],
          "numRows": 4,
          "numCols": 4
        }
      },
      "ops": {
        "type": "org.ejml.simple.ops.SimpleOperations_DDRM",
        "data": {}
      }
    },
    {
      "mat": {
        "type": "org.ejml.data.DMatrixRMaj",
        "data": {
          "data": [
            -0.8292828770727143,
            1.9716972860285313,
            -0.11166177792109044,
            -0.10331242861230108,
            0.9454538722793251,
            0.39330312099518594,
            -2.0454592389738915,
            -0.8010267980462462
          ],
          "numRows": 2,
          "numCols": 4
        }
      },
      "ops": {
        "type": "org.ejml.simple.ops.SimpleOperations_DDRM",
        "data": {}
      }
    }
  ],
  "biases": [
    {
      "mat": {
        "type": "org.ejml.data.DMatrixRMaj",
        "data": {
          "data": [
            -0.9306485768371906,
            -1.6178042477547312,
            1.5584733020872146,
            -3.357981344681724
          ],
          "numRows": 4,
          "numCols": 1
        }
      },
      "ops": {
        "type": "org.ejml.simple.ops.SimpleOperations_DDRM",
        "data": {}
      }
    },
    {
      "mat": {
        "type": "org.ejml.data.DMatrixRMaj",
        "data": {
          "data": [
            -1.9535428294858077,
            0.503079407335426,
            0.5807096235077087,
            0.08553907519672799
          ],
          "numRows": 4,
          "numCols": 1
        }
      },
      "ops": {
        "type": "org.ejml.simple.ops.SimpleOperations_DDRM",
        "data": {}
      }
    },
    {
      "mat": {
        "type": "org.ejml.data.DMatrixRMaj",
        "data": {
          "data": [
            -1.063690347560629,
            1.604080541776846
          ],
          "numRows": 2,
          "numCols": 1
        }
      },
      "ops": {
        "type": "org.ejml.simple.ops.SimpleOperations_DDRM",
        "data": {}
      }
    }
  ],
  "learningRate": 0.1,
  "activationFunctionKey": "SIGMOID"
}