{
  "inputNodes": 4,
  "hiddenLayers": 2,
  "hiddenNodes": 4,
  "outputNodes": 2,
  "weights": [
    {
      "mat": {
        "type": "org.ejml.data.DMatrixRMaj",
        "data": {
          "data": [
            0.18047714911561358,
            -0.9914261089216239,
            1.8364460957737048,
            2.5210520039614774,
            -3.2916497129136313,
            2.112919705168973,
            -0.2552811968140382,
            0.8139951984208526,
            -0.693556411409507,
            0.7717805694119895,
            -0.06744814964576823,
            -0.01997197767408762,
            0.3221720374116036,
            -2.0188932980549543,
            -0.6828178046617035,
            -0.8444682902788122
          ],
          "numRows": 4,
          "numCols": 4
        }
      },
      "ops": {
        "type": "org.ejml.simple.ops.SimpleOperations_DDRM",
        "data": {}
      }
    },
    {
      "mat": {
        "type": "org.ejml.data.DMatrixRMaj",
        "data": {
          "data": [
            -0.5599882888285977,
            -1.5165368512169077,
            2.504837554953405,
            2.6421274142018265,
            -2.884389253248284,
            -1.4620346413933234,
            -1.3262877995931197,
            2.820636875588895,
            0.5073116583119217,
            -2.454072068545281,
            1.8797292093252949,
            -0.2846435202758233,
            -0.9299634386590557,
            1.5115067797178137,
            -5.760526562807462,
            -0.6638394799338381
          ],
          "numRows": 4,
          "numCols": 4
        }
      },
      "ops": {
        "type": "org.ejml.simple.ops.SimpleOperations_DDRM",
        "data": {}
      }
    },
    {
      "mat": {
        "type": "org.ejml.data.DMatrixRMaj",
        "data": {
          "data": [
            3.3532491777422866,
            -2.771998869475144,
            -0.9141749143097637,
            -2.2792412926245076,
            1.3550569964781352,
            1.509342770658402,
            0.5831632391317834,
            2.3436373374054984
          ],
          "numRows": 2,
          "numCols": 4
        }
      },
      "ops": {
        "type": "org.ejml.simple.ops.SimpleOperations_DDRM",
        "data": {}
      }
    }
  ],
  "biases": [
    {
      "mat": {
        "type": "org.ejml.data.DMatrixRMaj",
        "data": {
          "data": [
            -2.4284696451585535,
            1.741939554002537,
            -1.450368858706673,
            -2.5179801743048
          ],
          "numRows": 4,
          "numCols": 1
        }
      },
      "ops": {
        "type": "org.ejml.simple.ops.SimpleOperations_DDRM",
        "data": {}
      }
    },
    {
      "mat": {
        "type": "org.ejml.data.DMatrixRMaj",
        "data": {
          "data": [
            -0.5588771418618461,
            -0.3358919398831236,
            0.12430354053110113,
            1.837893806827869
          ],
          "numRows": 4,
          "numCols": 1
        }
      },
      "ops": {
        "type": "org.ejml.simple.ops.SimpleOperations_DDRM",
        "data": {}
      }
    },
    {
      "mat": {
        "type": "org.ejml.data.DMatrixRMaj",
        "data": {
          "data": [
            0.5681756372592232,
            -0.9213826624185515
          ],
          "numRows": 2,
          "numCols": 1
        }
      },
      "ops": {
        "type": "org.ejml.simple.ops.SimpleOperations_DDRM",
        "data": {}
      }
    }
  ],
  "learningRate": 0.1,
  "activationFunctionKey": "SIGMOID"
}