{
  "inputNodes": 4,
  "hiddenLayers": 2,
  "hiddenNodes": 4,
  "outputNodes": 2,
  "weights": [
    {
      "mat": {
        "type": "org.ejml.data.DMatrixRMaj",
        "data": {
          "data": [
            -1.124279305364756,
            1.2385501734750595,
            -0.10888653289794054,
            -0.04751268523779399,
            -1.4825456478757482,
            -0.03809207424783795,
            -0.916443662213203,
            0.008408839006787072,
            0.1108314319233886,
            0.4684863604129075,
            0.12114104680270127,
            -0.8212239880287755,
            -2.201861162282405,
            -0.9029324414767719,
            0.8488803404282157,
            -1.7060953404126358
          ],
          "numRows": 4,
          "numCols": 4
        }
      },
      "ops": {
        "type": "org.ejml.simple.ops.SimpleOperations_DDRM",
        "data": {}
      }
    },
    {
      "mat": {
        "type": "org.ejml.data.DMatrixRMaj",
        "data": {
          "data": [
            3.574534102457382,
            -1.4508863264250615,
            -0.4672991450825372,
            -0.45086948259004,
            -1.841915301591011,
            1.8546469073760594,
            3.198181887918201,
            2.136991674748886,
            -1.7000557402672034,
            -1.8035643611809318,
            -0.09478112484425727,
            -2.560236272016851,
            -2.690727945400817,
            1.4794105849237995,
            1.9006596857631572,
            1.1150926461282558
          ],
          "numRows": 4,
          "numCols": 4
        }
      },
      "ops": {
        "type": "org.ejml.simple.ops.SimpleOperations_DDRM",
        "data": {}
      }
    },
    {
      "mat": {
        "type": "org.ejml.data.DMatrixRMaj",
        "data": {
          "data": [
            1.5537262912045795,
            0.4020860353874307,
            -0.1726451989560127,
            -2.267099756017126,
            -2.2242698914480292,
            1.3208614411458002,
            0.8013290641848182,
            4.577192004276304
          ],
          "numRows": 2,
          "numCols": 4
        }
      },
      "ops": {
        "type": "org.ejml.simple.ops.SimpleOperations_DDRM",
        "data": {}
      }
    }
  ],
  "biases": [
    {
      "mat": {
        "type": "org.ejml.data.DMatrixRMaj",
        "data": {
          "data": [
            3.332364392675598,
            0.6811595029774213,
            1.0086808691183387,
            -0.9285276866572907
          ],
          "numRows": 4,
          "numCols": 1
        }
      },
      "ops": {
        "type": "org.ejml.simple.ops.SimpleOperations_DDRM",
        "data": {}
      }
    },
    {
      "mat": {
        "type": "org.ejml.data.DMatrixRMaj",
        "data": {
          "data": [
            -3.119235766476166,
            0.23336829804053166,
            1.5421404436813606,
            -1.5121418033813023
          ],
          "numRows": 4,
          "numCols": 1
        }
      },
      "ops": {
        "type": "org.ejml.simple.ops.SimpleOperations_DDRM",
        "data": {}
      }
    },
    {
      "mat": {
        "type": "org.ejml.data.DMatrixRMaj",
        "data": {
          "data": [
            0.43460255689759675,
            -0.5908431071997048
          ],
          "numRows": 2,
          "numCols": 1
        }
      },
      "ops": {
        "type": "org.ejml.simple.ops.SimpleOperations_DDRM",
        "data": {}
      }
    }
  ],
  "learningRate": 0.1,
  "activationFunctionKey": "SIGMOID"
}