{
  "inputNodes": 2,
  "hiddenLayers": 2,
  "hiddenNodes": 4,
  "outputNodes": 2,
  "weights": [
    {
      "mat": {
        "type": "org.ejml.data.DMatrixRMaj",
        "data": {
          "data": [
            -0.8559988375598073,
            0.4518409087276094,
            -0.8672393433610202,
            0.8745338430680545,
            0.33831243788281995,
            0.7179584581901037,
            -0.6155330878676144,
            0.9147719615646124
          ],
          "numRows": 4,
          "numCols": 2
        }
      },
      "ops": {
        "type": "org.ejml.simple.ops.SimpleOperations_DDRM",
        "data": {}
      }
    },
    {
      "mat": {
        "type": "org.ejml.data.DMatrixRMaj",
        "data": {
          "data": [
            -0.2951461120813974,
            -0.7577455336760364,
            -0.8994016964558249,
            -0.56377024994375,
            0.36306794833947587,
            0.5814544196424465,
            -0.7613495739721372,
            0.647289611839084,
            0.9139219576185011,
            -0.9936706484110616,
            -0.29880504250174345,
            -0.049917705319232564,
            -0.34645740712628514,
            0.9761223245503439,
            0.038509514166417125,
            0.17644686461896963
          ],
          "numRows": 4,
          "numCols": 4
        }
      },
      "ops": {
        "type": "org.ejml.simple.ops.SimpleOperations_DDRM",
        "data": {}
      }
    },
    {
      "mat": {
        "type": "org.ejml.data.DMatrixRMaj",
        "data": {
          "data": [
            0.19777636385239095,
            -0.11931949215181858,
            0.860262422311356,
            -0.6514948332603472,
            -0.04608903440947287,
            0.5559377486998804,
            -1.3778184000530185,
            0.07248684458117083
          ],
          "numRows": 2,
          "numCols": 4
        }
      },
      "ops": {
        "type": "org.ejml.simple.ops.SimpleOperations_DDRM",
        "data": {}
      }
    }
  ],
  "biases": [
    {
      "mat": {
        "type": "org.ejml.data.DMatrixRMaj",
        "data": {
          "data": [
            -1.1005821858299318,
            -0.7119182734621972,
            -0.8342450266879899,
            0.25617834084107716
          ],
          "numRows": 4,
          "numCols": 1
        }
      },
      "ops": {
        "type": "org.ejml.simple.ops.SimpleOperations_DDRM",
        "data": {}
      }
    },
    {
      "mat": {
        "type": "org.ejml.data.DMatrixRMaj",
        "data": {
          "data": [
            -0.43974372203416956,
            -0.25109269188435657,
            -0.12215129897595339,
            0.7544509220896551
          ],
          "numRows": 4,
          "numCols": 1
        }
      },
      "ops": {
        "type": "org.ejml.simple.ops.SimpleOperations_DDRM",
        "data": {}
      }
    },
    {
      "mat": {
        "type": "org.ejml.data.DMatrixRMaj",
        "data": {
          "data": [
            -0.5777719993792002,
            -0.7750117628584492
          ],
          "numRows": 2,
          "numCols": 1
        }
      },
      "ops": {
        "type": "org.ejml.simple.ops.SimpleOperations_DDRM",
        "data": {}
      }
    }
  ],
  "learningRate": 0.1,
  "activationFunctionKey": "SIGMOID"
}