{
  "inputNodes": 2,
  "hiddenLayers": 2,
  "hiddenNodes": 4,
  "outputNodes": 2,
  "weights": [
    {
      "mat": {
        "type": "org.ejml.data.DMatrixRMaj",
        "data": {
          "data": [
            0.9089914510848625,
            0.6961689664722106,
            0.017519256337568567,
            0.7067295226199817,
            -0.749638859670474,
            0.7152743579906198,
            0.23263752447562946,
            -0.10478625479112275
          ],
          "numRows": 4,
          "numCols": 2
        }
      },
      "ops": {
        "type": "org.ejml.simple.ops.SimpleOperations_DDRM",
        "data": {}
      }
    },
    {
      "mat": {
        "type": "org.ejml.data.DMatrixRMaj",
        "data": {
          "data": [
            -0.40624780191385274,
            -0.2984975282667638,
            0.9057854740748856,
            -0.06510645352349331,
            -0.8516861252233958,
            0.6056332545630483,
            -0.18054771459342756,
            -0.8750415947281396,
            -0.5856389515310974,
            0.6055422057099348,
            0.6582266559549306,
            1.1148546061911184,
            -0.6887854436721941,
            0.15043510085873835,
            0.5762777829565217,
            -0.8381591147199345
          ],
          "numRows": 4,
          "numCols": 4
        }
      },
      "ops": {
        "type": "org.ejml.simple.ops.SimpleOperations_DDRM",
        "data": {}
      }
    },
    {
      "mat": {
        "type": "org.ejml.data.DMatrixRMaj",
        "data": {
          "data": [
            -0.21591988352003044,
            -0.44729711825065555,
            0.006221380098638818,
            -0.36151869715734986,
            -0.8201836063687935,
            -0.3352621332498958,
            -0.12705209173583576,
            -0.6058003829238248
          ],
          "numRows": 2,
          "numCols": 4
        }
      },
      "ops": {
        "type": "org.ejml.simple.ops.SimpleOperations_DDRM",
        "data": {}
      }
    }
  ],
  "biases": [
    {
      "mat": {
        "type": "org.ejml.data.DMatrixRMaj",
        "data": {
          "data": [
            -0.5650082699113796,
            -0.8578095579340539,
            0.7487574264861594,
            -0.2819063635359955
          ],
          "numRows": 4,
          "numCols": 1
        }
      },
      "ops": {
        "type": "org.ejml.simple.ops.SimpleOperations_DDRM",
        "data": {}
      }
    },
    {
      "mat": {
        "type": "org.ejml.data.DMatrixRMaj",
        "data": {
          "data": [
            -0.19984464196343943,
            -0.5679545540488679,
            -0.5385303229599632,
            1.1074557015840087
          ],
          "numRows": 4,
          "numCols": 1
        }
      },
      "ops": {
        "type": "org.ejml.simple.ops.SimpleOperations_DDRM",
        "data": {}
      }
    },
    {
      "mat": {
        "type": "org.ejml.data.DMatrixRMaj",
        "data": {
          "data": [
            -0.7257812818431411,
            -0.28695563660793355
          ],
          "numRows": 2,
          "numCols": 1
        }
      },
      "ops": {
        "type": "org.ejml.simple.ops.SimpleOperations_DDRM",
        "data": {}
      }
    }
  ],
  "learningRate": 0.1,
  "activationFunctionKey": "SIGMOID"
}