{
  "inputNodes": 4,
  "hiddenLayers": 2,
  "hiddenNodes": 4,
  "outputNodes": 2,
  "weights": [
    {
      "mat": {
        "type": "org.ejml.data.DMatrixRMaj",
        "data": {
          "data": [
            0.6556154614615473,
            -0.75964012122464,
            0.10143873503045656,
            0.009315122714245588,
            -1.783629885201532,
            -2.876585118232812,
            0.9940344867649069,
            0.2509898068545564,
            -0.3776480452935297,
            -4.284382318043205,
            1.4879623090795595,
            -4.7445546609123745,
            -1.2032380515105667,
            1.4687158640868891,
            -1.0746079446812515,
            1.03232527565544
          ],
          "numRows": 4,
          "numCols": 4
        }
      },
      "ops": {
        "type": "org.ejml.simple.ops.SimpleOperations_DDRM",
        "data": {}
      }
    },
    {
      "mat": {
        "type": "org.ejml.data.DMatrixRMaj",
        "data": {
          "data": [
            1.4980323843694257,
            0.3504545078558914,
            -0.7530310998463371,
            0.08127337734327689,
            0.7421993464209804,
            -1.7016293736765438,
            2.133156644935526,
            -0.18988069665003826,
            -1.0742121320810665,
            -2.2420846157092758,
            1.352795733525703,
            -1.883912796202638,
            5.712678121965768,
            0.15137189689237074,
            0.27165344337348096,
            -1.6424017463226432
          ],
          "numRows": 4,
          "numCols": 4
        }
      },
      "ops": {
        "type": "org.ejml.simple.ops.SimpleOperations_DDRM",
        "data": {}
      }
    },
    {
      "mat": {
        "type": "org.ejml.data.DMatrixRMaj",
        "data": {
          "data": [
            1.50869166430927,
            1.3892871921696255,
            2.293591084879779,
            -1.6677679237192344,
            -1.239284585090617,
            0.23027913006176415,
            -0.05522902638875654,
            3.397373197460962
          ],
          "numRows": 2,
          "numCols": 4
        }
      },
      "ops": {
        "type": "org.ejml.simple.ops.SimpleOperations_DDRM",
        "data": {}
      }
    }
  ],
  "biases": [
    {
      "mat": {
        "type": "org.ejml.data.DMatrixRMaj",
        "data": {
          "data": [
            0.42194010846096014,
            -0.9338638271190265,
            -0.8832631792329579,
            0.2702805788699814
          ],
          "numRows": 4,
          "numCols": 1
        }
      },
      "ops": {
        "type": "org.ejml.simple.ops.SimpleOperations_DDRM",
        "data": {}
      }
    },
    {
      "mat": {
        "type": "org.ejml.data.DMatrixRMaj",
        "data": {
          "data": [
            1.604083573995318,
            -4.3891033173838725,
            -0.9270250859109569,
            -2.0771655365232156
          ],
          "numRows": 4,
          "numCols": 1
        }
      },
      "ops": {
        "type": "org.ejml.simple.ops.SimpleOperations_DDRM",
        "data": {}
      }
    },
    {
      "mat": {
        "type": "org.ejml.data.DMatrixRMaj",
        "data": {
          "data": [
            -0.07941433698320467,
            0.017501855360880114
          ],
          "numRows": 2,
          "numCols": 1
        }
      },
      "ops": {
        "type": "org.ejml.simple.ops.SimpleOperations_DDRM",
        "data": {}
      }
    }
  ],
  "learningRate": 0.1,
  "activationFunctionKey": "SIGMOID"
}